{"cameraMode":{"drawMode":0,"name":"Shaded","section":"Shading Mode"},"sceneLighting":false,"audioPlay":false,"sceneViewState":{"m_AlwaysRefresh":false,"showFog":true,"showSkybox":false,"showFlares":true,"showImageEffects":true,"showParticleSystems":true,"showVisualEffectGraphs":true,"m_FxEnabled":true},"in2DMode":false,"pivot":{"x":0.9163244366645813,"y":1.943891167640686,"z":0.586650013923645},"rotation":{"x":0.00417081406340003,"y":0.9898407459259033,"z":-0.029704134911298753,"w":0.13898570835590363},"size":0.7763354182243347,"orthographic":false}