{"cameraMode":{"drawMode":0,"name":"Shaded","section":"Shading Mode"},"sceneLighting":false,"audioPlay":false,"sceneViewState":{"m_AlwaysRefresh":false,"showFog":true,"showSkybox":false,"showFlares":true,"showImageEffects":true,"showParticleSystems":true,"showVisualEffectGraphs":true,"m_FxEnabled":true},"in2DMode":false,"pivot":{"x":-0.27696752548217776,"y":-0.33551025390625,"z":-0.031217098236083986},"rotation":{"x":-0.0035185422748327257,"y":0.9957785606384277,"z":-0.08083496242761612,"w":-0.043343789875507358},"size":8.657121658325196,"orthographic":false}