{"cameraMode":{"drawMode":0,"name":"Shaded","section":"Shading Mode"},"sceneLighting":false,"audioPlay":false,"sceneViewState":{"m_AlwaysRefresh":false,"showFog":true,"showSkybox":false,"showFlares":true,"showImageEffects":true,"showParticleSystems":true,"showVisualEffectGraphs":true,"m_FxEnabled":true},"in2DMode":false,"pivot":{"x":8.344650268554688e-7,"y":1.7675776481628419,"z":-6.084845542907715},"rotation":{"x":0.06295982003211975,"y":-0.000885532412212342,"z":0.00005870413588127121,"w":0.9980368614196777},"size":1.8866804838180543,"orthographic":false}