{"cameraMode":{"drawMode":0,"name":"Shaded","section":"Shading Mode"},"sceneLighting":false,"audioPlay":false,"sceneViewState":{"m_AlwaysRefresh":false,"showFog":true,"showSkybox":false,"showFlares":true,"showImageEffects":true,"showParticleSystems":true,"showVisualEffectGraphs":true,"m_FxEnabled":true},"in2DMode":false,"pivot":{"x":1.2057162523269654,"y":2.132716655731201,"z":0.60683673620224},"rotation":{"x":0.0023241417948156597,"y":0.99697345495224,"z":-0.032912079244852069,"w":0.07040330767631531},"size":0.8340646624565125,"orthographic":false}