{"cameraMode":{"drawMode":0,"name":"Shaded","section":"Shading Mode"},"sceneLighting":true,"audioPlay":false,"sceneViewState":{"m_AlwaysRefresh":false,"showFog":true,"showSkybox":true,"showFlares":true,"showImageEffects":true,"showParticleSystems":true,"showVisualEffectGraphs":true,"m_FxEnabled":true},"in2DMode":false,"pivot":{"x":0.03073185682296753,"y":-0.664207935333252,"z":-0.23511409759521485},"rotation":{"x":0.16867467761039735,"y":0.013306164182722569,"z":-0.0022772441152483227,"w":0.9855810403823853},"size":5.152421474456787,"orthographic":false}