{"cameraMode":{"drawMode":0,"name":"Shaded","section":"Shading Mode"},"sceneLighting":false,"audioPlay":false,"sceneViewState":{"m_AlwaysRefresh":false,"showFog":true,"showSkybox":false,"showFlares":true,"showImageEffects":true,"showParticleSystems":true,"showVisualEffectGraphs":true,"m_FxEnabled":true},"in2DMode":false,"pivot":{"x":-18.402006149291993,"y":0.6657874584197998,"z":4.376444339752197},"rotation":{"x":0.013302363455295563,"y":0.9641002416610718,"z":-0.049211736768484119,"w":0.2606048882007599},"size":2.205972909927368,"orthographic":false}